{
    "image_width": 2236,
    "image_height": 1764,
    "image_width_orig": 1936,
    "image_height_orig": 1464,
    "K": {"fx": 1676.37028, "fy": 1676.37028, "cx": 1118.0, "cy": 882},
    "dist_coef": {"k1": -0.27529969, "k2": 0.05905619, "p1": -0.00245923, "p2": 0.00061132, "k3": 0.11663574}
}

