{
    "image_width": 1936,
    "image_height": 1464,
    "K": {"fx": 1677.30029, "fy": 1676.95475, "cx": 966.252788,"cy": 729.726837},
    "dist_coef": {"k1": -0.2, "k2": -0.1, "p1": 0.0, "p2": 0.0, "k3": 0.0}
}

