{
    "image_width": 1936,
    "image_height": 1464,
    "K": {"fx": 1677.30029, "fy": 1676.95475, "cx": 966.252788,"cy": 729.726837},
    "dist_coef": {"k1": -0.27569224, "k2": 0.05991836, "p1": -0.0024706, "p2": 0.0006272, "k3": 0.11577685}
}

